{"products":[{"id":"0.3908001926879374","qty":4}],"totalPrice":63.95999999999998}